article_title,article_summary,article_url,date_published,compliance_related
Attorney General Merrick B. Garland Statement on the Extradition of Néstor Isidro Pérez Salas,"The Justice Department issued the following statement from Attorney General Merrick B. Garland on the extradition of Néstor Isidro Pérez Salas, also known as “El Nini”:",https://www.justice.gov//opa/pr/attorney-general-merrick-b-garland-statement-extradition-nestor-isidro-perez-salas,2024-05-25,False
Doctor Convicted of $70M Medicare Fraud Scheme,A federal jury convicted a Texas doctor today for causing the submission of over $70 million in fraudulent claims to Medicare for medically unnecessary orthotic braces and genetic tests ordered through a telemarketing scheme.,https://www.justice.gov//opa/pr/doctor-convicted-70m-medicare-fraud-scheme,2024-05-24,True
Owner of Arkansas Tree Service Business Pleads Guilty to Tax Fraud,An Arkansas man pleaded guilty to filing a false individual income tax return.,https://www.justice.gov//opa/pr/owner-arkansas-tree-service-business-pleads-guilty-tax-fraud,2024-05-24,True
Florida Businessman Daniel Hurt to Pay Over $27 Million for Medicare Fraud in Connection with Cancer Genomic Tests,"Daniel Hurt, who owned and/or operated Fountain Health Services LLC, Verify Health, Landmark Diagnostics LLC, First Choice Laboratory LLC and Sonoran Desert Pathology Associates LLC, has agreed to pay over $27 million to resolve allegations that he and his companies conspired with others to violate the False Claims Act (FCA) by submitting false claims to, and receiving payments from, Medicare for cancer genomic (CGx) tests that were not medically necessary and were procured through illegal kickbacks. Hurt, Fountain Health, Verify Health, Landmark Diagnostics, First Choice and Sonoran Desert",https://www.justice.gov//opa/pr/florida-businessman-daniel-hurt-pay-over-27-million-medicare-fraud-connection-cancer-genomic,2024-05-24,True
Former CIA Officer Pleads Guilty to Conspiracy to Commit Espionage,"Alexander Yuk Ching Ma, 71, of Honolulu, a former Central Intelligence Agency (CIA) officer, pleaded guilty today to conspiring to gather and deliver national defense information to the People’s Republic of China (PRC).",https://www.justice.gov//opa/pr/former-cia-officer-pleads-guilty-conspiracy-commit-espionage-0,2024-05-24,True
California Man Arrested for Making Violent Threats Against North Carolinians,"A Huntington Beach, California, man was arrested today on federal charges relating to sending threats to individuals and knowingly making false bomb threats. Kevin Dunlow, age 62, is charged in a complaint unsealed today in the U.S. District Court of the Eastern District of North Carolina following his arrest in California. He will have his initial appearance today, and his detention hearing will be set at a later date.",https://www.justice.gov//opa/pr/california-man-arrested-making-violent-threats-against-north-carolinians,2024-05-24,False
Manager of Mexico-Based Drug Trafficking Organization Sentenced to More Than 20 Years in Prison for International Methamphetamine Trafficking and Money Laundering,"A manager of a Mexico-based drug trafficking organization was sentenced today to 21 years and 10 months in prison and ordered to forfeit $1,339,500 for his role in an international drug trafficking conspiracy.",https://www.justice.gov//opa/pr/manager-mexico-based-drug-trafficking-organization-sentenced-more-20-years-prison,2024-05-24,True
Readout of Acting Associate Attorney General Benjamin C. Mizer’s Trip to the  Navajo Nation and to the Pueblo of Acoma,"On Tuesday, May 21, and Wednesday, May 22, Acting Associate Attorney General Benjamin C. Mizer (AASG Mizer or Acting Associate) visited Window Rock, Arizona, and the Pueblo of Acoma in New Mexico to participate in government-to-government meetings with Tribal leaders and other officials from the Navajo Nation and the Pueblo of Acoma. He also toured the Tribes’ facilities to learn more about government services offered to the Tribes’ members and met with law enforcement officers, victims’ advocates, and other stakeholders.",https://www.justice.gov//opa/pr/readout-acting-associate-attorney-general-benjamin-c-mizers-trip-navajo-nation-and-pueblo,2024-05-24,False
Former Venezuelan Military Official Sentenced for Money Laundering and Bribery Scheme,A former officer in the Venezuelan National Guard was sentenced today to one year and one day in prison for participating in a money laundering scheme that involved bribes to foreign officials and defrauding foreign financial institutions.,https://www.justice.gov//opa/pr/former-venezuelan-military-official-sentenced-money-laundering-and-bribery-scheme,2024-05-23,True
"Justice Department and Federal Trade Commission Seek Information on Serial Acquisitions, Roll-Up Strategies Across U.S. Economy",The Justice Department and Federal Trade Commission (FTC) jointly launched a public inquiry to identify serial acquisitions and roll-up strategies throughout the U.S. economy that have led to consolidation and harmed competition.,https://www.justice.gov//opa/pr/justice-department-and-federal-trade-commission-seek-information-serial-acquisitions-roll,2024-05-23,False
Justice Department and Department of Labor Secure Agreements with Tech Company to Resolve Discriminatory “Whites Only” Job Posting,"The Justice Department and the Department of Labor announced today separate agreements with Arthur Grand Technologies Inc. (Arthur Grand), an information technology services firm based in Virginia. The Justice Department’s agreement resolves the department’s determination that Arthur Grand violated the Immigration and Nationality Act (INA) by posting a discriminatory job advertisement in March 2023 that restricted eligible candidates to “only US Born Citizens [white] who are local within 60 miles from Dallas, TX [Don’t share with candidates].” (brackets in original). The Labor Department’s",https://www.justice.gov//opa/pr/justice-department-and-department-labor-secure-agreements-tech-company-resolve,2024-05-23,False
Justice Department Releases Webinar with Department of Education’s Office for Civil Rights to Improve Accessibility of School Buildings,"The Justice Department’s Civil Rights Division and the Department of Education’s Office for Civil Rights today announced the release of a webinar setting out ways for school districts across the country to increase accessibility for students and teachers with disabilities in their school facilities.  The webinar, “Accessible Public Schools,” was developed by the Justice Department in consultation with the Department of Education and responds to a U.S. Government Accountability Office (GAO) investigation and report issued in 2020: School Districts Need Better Information to Help Improve Access",https://www.justice.gov//opa/pr/justice-department-releases-webinar-department-educations-office-civil-rights-improve,2024-05-23,False
Doctor Convicted of Nearly $2M Medicare and Medicaid Fraud Scheme,A federal jury convicted a Nevada doctor yesterday for his role in defrauding Medicare and Medicaid of nearly $2 million.,https://www.justice.gov//opa/pr/doctor-convicted-nearly-2m-medicare-and-medicaid-fraud-scheme,2024-05-23,True
Justice Department Announces Multiple Drug and Firearms Arrests,"The Justice Department today announced a multi-agency law enforcement action, targeting armed drug trafficking networks in Washington, D.C., which resulted in 24 arrests in the past nine days. This action follows a surge in additional law enforcement tools and resources announced in January by Attorney General Merrick B. Garland to fight violent crime in Washington, D.C.",https://www.justice.gov//opa/pr/justice-department-announces-multiple-drug-and-firearms-arrests,2024-05-23,False
"Justice Department Secures Agreement to Address Language Barriers for Families in the Cherry Creek, Colorado, School District","The Justice Department announced today that it secured a settlement agreement with the Cherry Creek School District (CCSD), one of the largest school districts in Colorado, to significantly improve language access services for parents with limited English proficiency. The agreement resolves allegations that the district failed to communicate with these parents in a language they could understand, denying them important information about their children’s education.",https://www.justice.gov//opa/pr/justice-department-secures-agreement-address-language-barriers-families-cherry-creek,2024-05-23,False
United States Reaches Over $310 Million Settlement with Norfolk Southern to Address Harms Caused by East Palestine Train Derailment,"The Justice Department and Environmental Protection Agency (EPA) announced a settlement valued at over $310 million with Norfolk Southern Railway Company holding the company accountable to address and pay for the damage caused by the Feb. 3, 2023, train derailment in East Palestine, Ohio. If the settlement is approved by the U.S. District Court for the Northern District of Ohio, Norfolk Southern will be required to take measures to improve rail safety, pay for health monitoring and mental health services for the surrounding communities, fund long-term environmental monitoring, pay a $15",https://www.justice.gov//opa/pr/united-states-reaches-over-310-million-settlement-norfolk-southern-address-harms-caused-east,2024-05-23,True
"Justice Department Announces Achievements in Police Reform in Suffolk County, New York","The Justice Department announced today that the Suffolk County, New York, Police Department (SCPD) has achieved sustained compliance with provisions of its settlement agreement with SCPD, including requirements concerning tracking and trending hate crimes and hate incidents, investigating allegations of police misconduct and development of policies and training. As a result, the department has terminated those provisions of the settlement agreement.",https://www.justice.gov//opa/pr/justice-department-announces-achievements-police-reform-suffolk-county-new-york,2024-05-23,False
"Justice Department Secures Agreement with Pawtucket, Rhode Island, to Resolve Voting Rights Lawsuit","The Justice Department announced today that it has secured an agreement with the City of Pawtucket, Rhode Island, and city elections officials to resolve allegations that Pawtucket failed to provide Spanish-language assistance for voters in violation of the Voting Rights Act and did not allow qualified voters to cast provisional ballots in violation of the Help America Vote Act.",https://www.justice.gov//opa/pr/justice-department-secures-agreement-pawtucket-rhode-island-resolve-voting-rights-lawsuit,2024-05-23,False
Justice Department Sues Live Nation-Ticketmaster for Monopolizing Markets Across the Live Concert Industry,"The Justice Department, along with 30 state and district attorneys general, filed a civil antitrust lawsuit against Live Nation Entertainment Inc. and its wholly-owned subsidiary, Ticketmaster LLC (Live Nation-Ticketmaster) for monopolization and other unlawful conduct that thwarts competition in markets across the live entertainment industry. The lawsuit, which includes a request for structural relief, seeks to restore competition in the live concert industry, provide better choices at lower prices for fans, and open venue doors for working musicians and other performance artists.",https://www.justice.gov//opa/pr/justice-department-sues-live-nation-ticketmaster-monopolizing-markets-across-live-concert,2024-05-23,False
Justice Department and Department of Labor Secure Agreements with Tech Company to Resolve Discriminatory “Whites Only” Job Posting,"The Justice Department and the Department of Labor announced today separate agreements with Arthur Grand Technologies Inc. (Arthur Grand), an information technology services firm based in Virginia. The Justice Department’s agreement resolves the department’s determination that Arthur Grand violated the Immigration and Nationality Act (INA) by posting a discriminatory job advertisement in March 2023 that restricted eligible candidates to “only US Born Citizens [white] who are local within 60 miles from Dallas, TX [Don’t share with candidates].” (brackets in original). The Labor Department’s",https://www.justice.gov//opa/pr/justice-department-and-department-labor-secure-agreements-tech-company-resolve,2024-05-23,False
Justice Department Releases Webinar with Department of Education’s Office for Civil Rights to Improve Accessibility of School Buildings,"The Justice Department’s Civil Rights Division and the Department of Education’s Office for Civil Rights today announced the release of a webinar setting out ways for school districts across the country to increase accessibility for students and teachers with disabilities in their school facilities.  The webinar, “Accessible Public Schools,” was developed by the Justice Department in consultation with the Department of Education and responds to a U.S. Government Accountability Office (GAO) investigation and report issued in 2020: School Districts Need Better Information to Help Improve Access",https://www.justice.gov//opa/pr/justice-department-releases-webinar-department-educations-office-civil-rights-improve,2024-05-23,False
Ringleader and Company Insider Plead Guilty to Defrauding Biochemical Company and Diverting Products to China Using Falsified Export Documents,"The Justice Department today announced that Pen Yu, aka Ben Yu, 51, of Gibsonton, Florida, and Gregory Muñoz, 45, of Minneola, Florida, have each pleaded guilty to one count of wire fraud conspiracy for their roles in a scheme to fraudulently procure deeply discounted products from Massachusetts biochemical company Sigma-Aldrich Inc., doing business as MilliporeSigma, and export them to China using falsified export documents.",https://www.justice.gov//opa/pr/ringleader-and-company-insider-plead-guilty-defrauding-biochemical-company-and-diverting,2024-05-22,True
Two Alleged Members of a Transnational Money Laundering Organization Arrested for Laundering Millions of Dollars in Drug Proceeds,"Two alleged members of a transnational money laundering organization were arrested on criminal charges related to their alleged involvement in a scheme to launder millions of dollars in illegal drug proceeds for Mexican drug trafficking organizations, including the Sinaloa and Jalisco cartels (also known as CJNG).",https://www.justice.gov//opa/pr/two-alleged-members-transnational-money-laundering-organization-arrested-laundering-millions,2024-05-22,True
Additional Defendant Sentenced for Federal Conspiracy Against Rights and Freedom of Access to Clinic Entrances (FACE) Act Convictions Related to 2020 D.C. Clinic Invasion and Blockade,"Heather Idoni was sentenced today to 24 months in prison following her convictions for federal conspiracy against rights and Freedom of Access to Clinic Entrances (FACE) Act offenses following three separate trials in connection with the blockade of a Washington, D.C., area reproductive health clinic on Oct. 22, 2020.",https://www.justice.gov//opa/pr/additional-defendant-sentenced-federal-conspiracy-against-rights-and-freedom-access-clinic,2024-05-22,False
Purported Rap Promoter Pleads Guilty to Role in $2.3M Nationwide Fraud Conspiracy,"An Illinois man pleaded guilty today to his role in a nationwide wire fraud conspiracy that victimized businesses and individuals across the United States, and caused a total loss of $2,299,842.",https://www.justice.gov//opa/pr/purported-rap-promoter-pleads-guilty-role-23m-nationwide-fraud-conspiracy,2024-05-22,True
Owner of Ambulatory Transportation Company Indicted for Tax Evasion and COVID-19 Relief Fraud,"A federal grand jury in Santa Ana, California, returned a superseding indictment charging a California man with wire fraud and money laundering for making fraudulent claims to the Paycheck Protection Program (PPP) and the Economic Injury Disaster Loan (EIDL) program, two federal programs created to provide financial assistance to Americans suffering economic harm as a result of the COVID-19 pandemic. He had previously been charged with tax evasion and filing false corporate tax returns.",https://www.justice.gov//opa/pr/owner-ambulatory-transportation-company-indicted-tax-evasion-and-covid-19-relief-fraud,2024-05-22,True
Arizona Man Sentenced for Role in Scheme to Steal Money from U.S. Bank Accounts,An Arizona man was sentenced yesterday in federal court in San Diego to 51 months in prison for conspiracy to commit access device fraud.,https://www.justice.gov//opa/pr/arizona-man-sentenced-role-scheme-steal-money-us-bank-accounts,2024-05-22,True
Texas Petrochemical Company Pleads Guilty to Clean Air Act Violation and Fined More than $30 Million in Criminal Fines and Civil Penalties Related to Explosions at Its Facility in Port Neches,"The Justice Department and Environmental Protection Agency (EPA) announced the filing of a felony criminal charge and related civil complaint and consent decree under the Clean Air Act (CAA) against TPC Group LLC, a Texas petrochemical company. TPC Group also entered a plea of guilty today to a one-count information charging the company with a violation of the Clean Air Act before U.S. Magistrate Judge Zack Hawthorn for the Eastern District of Texas.",https://www.justice.gov//opa/pr/texas-petrochemical-company-pleads-guilty-clean-air-act-violation-and-fined-more-30-million,2024-05-21,True
Man Sentenced for Laundering Over $4.5M Obtained from Business Email Compromise and Romance Fraud Schemes,"A Georgia man was sentenced today to 10 years in prison for laundering more than $4.5 million derived from business email compromise (BEC) schemes, including a scheme that defrauded a health care benefit program, and romance fraud schemes.",https://www.justice.gov//opa/pr/man-sentenced-laundering-over-45m-obtained-business-email-compromise-and-romance-fraud,2024-05-21,True
"Justice Department Secures Landmark Agreement with City of Anoka, Minnesota, to End Disability Discrimination in “Crime-Free” Housing Program","The Justice Department announced today that it filed a complaint and proposed consent decree to resolve allegations that the city of Anoka, Minnesota, violated the Americans with Disabilities Act (ADA) and the Fair Housing Act by denying tenants with mental health disabilities an equal opportunity to receive emergency assistance.",https://www.justice.gov//opa/pr/justice-department-secures-landmark-agreement-city-anoka-minnesota-end-disability,2024-05-21,False
Justice Department Files Lawsuit Against the State of Oklahoma Regarding Unconstitutional State Immigration Law,"The Justice Department today filed suit against the State of Oklahoma to challenge House Bill 4156 (HB 4156) under the U.S. Constitution’s Supremacy Clause and Foreign Commerce Clause. The Constitution assigns the federal government the authority to regulate immigration and manage our international borders. Pursuant to this authority, Congress has established a comprehensive immigration framework governing noncitizens’ entry, reentry and presence. Because HB 4156 is preempted by federal law and violates the U.S. Constitution, the Justice Department seeks a declaration that HB 4156 is invalid",https://www.justice.gov//opa/pr/justice-department-files-lawsuit-against-state-oklahoma-regarding-unconstitutional-state,2024-05-21,False
Man Sentenced for Sex Trafficking Conspiracy,"A Texas man was sentenced today to 22 years and six months in prison for conspiracy to commit sex trafficking by force, fraud, or coercion.",https://www.justice.gov//opa/pr/man-sentenced-sex-trafficking-conspiracy,2024-05-21,True
Justice Department and Stanford University to Cohost Workshop “Promoting Competition in Artificial Intelligence”,The Justice Department and Stanford University will hold a public workshop on May 30 to discuss the state of competition across the Artificial Intelligence (AI) technology industry from the chip to the app.,https://www.justice.gov//opa/pr/justice-department-and-stanford-university-cohost-workshop-promoting-competition-artificial,2024-05-21,False
Federal Court Permanently Shuts Down Connecticut Tax Preparer and Businesses,"The U.S. District Court for the District of Connecticut issued a permanent injunction against a Connecticut tax return preparer, Juan Carlos Frias, and his businesses, USA Tax LLC, Multi Latin Services LLC and Connecticut Tax and Services Inc., permanently barring them from preparing federal tax returns for others.",https://www.justice.gov//opa/pr/federal-court-permanently-shuts-down-connecticut-tax-preparer-and-businesses,2024-05-21,True
Companies that Own and Operate Oil Tanker Plead Guilty to Environmental Crimes,,https://www.justice.gov//opa/pr/companies-own-and-operate-oil-tanker-plead-guilty-environmental-crimes,2024-05-21,True
Arizona Tax Preparer Pleads Guilty to Filing False Tax Returns as Part of a Nationwide Abusive-Trust Tax Shelter Scheme,An Arizona man pleaded guilty to two counts of assisting in the preparation of false tax returns for individuals who used an abusive-trust tax shelter to underreport their income and tax liabilities.,https://www.justice.gov//opa/pr/arizona-tax-preparer-pleads-guilty-filing-false-tax-returns-part-nationwide-abusive-trust,2024-05-20,True
"Man Arrested for Producing, Distributing, and Possessing AI-Generated Images of Minors Engaged in Sexually Explicit Conduct","A Wisconsin man was arrested last week on criminal charges related to his alleged production, distribution, and possession of AI-generated images of minors engaged in sexually explicit conduct and his transfer of similar sexually explicit AI-generated images to a minor.",https://www.justice.gov//opa/pr/man-arrested-producing-distributing-and-possessing-ai-generated-images-minors-engaged,2024-05-20,False
Justice Department Secures Award Against Owner of Massachusetts Sober Homes for Sexual Harassment,"Peter McCarthy, 51, of Lynn, Massachusetts, the owner of Steps to Solutions Inc., a group of residential sober homes, was found liable following a five-day jury trial. In August 2021, the U.S. Attorney’s Office for the District of Massachusetts and the Justice Department’s Civil Rights Division filed a lawsuit alleging that McCarthy subjected female tenants to sexual harassment in violation of the Fair Housing Act.",https://www.justice.gov//opa/pr/justice-department-secures-award-against-owner-massachusetts-sober-homes-sexual-harassment,2024-05-20,False
Justice Department Announces Framework for Prosecutors to Strengthen National Response to Sexual Assault and Domestic Violence,"The Justice Department today announced an important new resource for prosecutors. The Framework for Prosecutors to Strengthen Our National Response to Sexual Assault and Domestic Violence Involving Adult Victims, written by prosecutors for prosecutors, sets out five principles that, if implemented, will lead to better outcomes for victims, safer communities, and greater accountability for perpetrators of sexual assault and domestic violence.",https://www.justice.gov//opa/pr/justice-department-announces-framework-prosecutors-strengthen-national-response-sexual,2024-05-20,False
“Incognito Market” Owner Arrested for Operating One of the Largest Illegal Narcotics Marketplaces on the Internet,"Rui-Siang Lin, also known as Ruisiang Lin, 林睿庠, Pharoah, and faro, 23, of Taiwan, was arrested today in connection with his operation and ownership of “Incognito Market,” an online dark web narcotics marketplace that enabled its users to buy and sell illegal narcotics anonymously around the world. Lin was arrested at John F. Kennedy Airport on May 18, and will be presented in Manhattan federal court before U.S. Magistrate Judge Willis later today.",https://www.justice.gov//opa/pr/incognito-market-owner-arrested-operating-one-largest-illegal-narcotics-marketplaces,2024-05-20,False
Justice Department Sues Two Organizations and Seven Individuals for Physically Obstructing Access to Reproductive Health Services in Violation of the FACE Act,"The Justice Department filed a federal lawsuit today in the Northern District of Ohio against two organizations and seven individuals for violating the Freedom of Access to Clinic Entrances (FACE) Act. The FACE Act prohibits anyone from using force, threats of force or physical obstruction against any person because they are seeking or providing reproductive health services.",https://www.justice.gov//opa/pr/justice-department-sues-two-organizations-and-seven-individuals-physically-obstructing,2024-05-20,False
Justice Department Leadership Honors Service and Sacrifice of Nation’s Law Enforcement for Police Week,"Last week, in recognition of National Police Week, Attorney General Merrick B. Garland, Deputy Attorney General Lisa Monaco, and Acting Associate Attorney General Benjamin C. Mizer joined law enforcement partners to honor those who made the ultimate sacrifice to our nation.",https://www.justice.gov//opa/pr/justice-department-leadership-honors-service-and-sacrifice-nations-law-enforcement-police,2024-05-20,False
Two Foreign Nationals Arrested for Laundering At Least $73M Through Shell Companies Tied to Cryptocurrency Investment Scams,An indictment was unsealed in the Central District of California yesterday charging two Chinese nationals alleging they played leading roles in a scheme to launder proceeds from cryptocurrency investment scams.,https://www.justice.gov//opa/pr/two-foreign-nationals-arrested-laundering-least-73m-through-shell-companies-tied,2024-05-17,True
Home Builder Pleads Guilty to Tax Conspiracy,A former Massachusetts home builder pleaded guilty to conspiring to defraud the United States and creating false documents to help one of his clients obtain a mortgage.,https://www.justice.gov//opa/pr/home-builder-pleads-guilty-tax-conspiracy,2024-05-17,True
David DePape Sentenced after Conviction on Assault and Attempted Kidnapping Charges,"David DePape, 44, of Richmond, California, was sentenced today to 360 months in prison and five years of supervised release, following his conviction on assault and attempted kidnapping charges in connection with his Oct. 28, 2022, intrusion into the home of Speaker Emerita Nancy Pelosi and her husband, Paul Pelosi.",https://www.justice.gov//opa/pr/david-depape-sentenced-after-conviction-assault-and-attempted-kidnapping-charges,2024-05-17,False
Former San Diego Sheriff’s Deputy Charged with Civil Rights Violation for Fatally Shooting Unarmed Man,"A federal grand jury in San Diego returned a two-count indictment charging former San Diego Sheriff’s Deputy Aaron Russell for fatally shooting Nicholas Bils on May 1, 2020.  Russell is charged with depriving Bils of his right to be free from officers using excessive force and with discharging a firearm in relation to a crime of violence.",https://www.justice.gov//opa/pr/former-san-diego-sheriffs-deputy-charged-civil-rights-violation-fatally-shooting-unarmed-man,2024-05-17,False
"Puerto Rico Legislator and Her Husband Sentenced for Theft, Bribery, and Kickback Scheme","A Puerto Rico legislator and her husband were sentenced today for engaging in a multi-year theft, bribery, and kickback conspiracy scheme to fraudulently inflate the salary of a legislative assistant in exchange for a portion of the assistant’s inflated salary.",https://www.justice.gov//opa/pr/puerto-rico-legislator-and-her-husband-sentenced-theft-bribery-and-kickback-scheme,2024-05-17,True
Man Sentenced for $1.9M Baby Formula Scheme,"A New York man was sentenced today to two years and nine months in prison and ordered to pay approximately $738,000 in restitution and forfeit approximately $1 million for his role in a scheme to fraudulently obtain specialty baby formula.",https://www.justice.gov//opa/pr/man-sentenced-19m-baby-formula-scheme,2024-05-17,True
Man Charged with Murder in Relation to Methamphetamine Trafficking,A California man made his initial appearance in the District of Hawaii today to face charges related to his role in the murder of another man in connection with drug trafficking.,https://www.justice.gov//opa/pr/man-charged-murder-relation-methamphetamine-trafficking,2024-05-16,False
Chairman of Multinational Investment Company and Company Consultant Convicted of Bribery Scheme at Retrial,"A federal jury in Charlotte, North Carolina, convicted the founder and chairman of a multinational investment company and a company consultant yesterday after a retrial for orchestrating a bribery scheme involving independent expenditure accounts and improper campaign contributions.",https://www.justice.gov//opa/pr/chairman-multinational-investment-company-and-company-consultant-convicted-bribery-scheme,2024-05-16,True
Justice Department Submits Proposed Regulation to Reschedule Marijuana,The Justice Department today announced that the Attorney General has submitted to the Federal Register a notice of proposed rulemaking initiating a formal rulemaking process to consider moving marijuana from a schedule I to schedule III drug under the Controlled Substances Act (CSA).,https://www.justice.gov//opa/pr/justice-department-submits-proposed-regulation-reschedule-marijuana,2024-05-16,False
Foreign National Sentenced for Cocaine Trafficking,A national of the Dominican Republic was sentenced yesterday to 15 years and four months in prison for his role in an international conspiracy to distribute 385 kilograms of cocaine for unlawful importation into the United States.,https://www.justice.gov//opa/pr/foreign-national-sentenced-cocaine-trafficking,2024-05-16,False
Cape Cod Hospital to Pay $24.3 Million to Resolve False Claims Act Allegations Concerning Its Failure to Comply with Medicare Rules for Cardiac Procedures,"Cape Cod Hospital, based in Hyannis, Massachusetts, has agreed to pay $24.3 million to resolve False Claims Act allegations that it knowingly submitted claims to Medicare for transcatheter aortic valve replacement (TAVR) procedures that failed to comply with Medicare rules specifying the way in which hospitals were required to evaluate patient suitability for the procedures.",https://www.justice.gov//opa/pr/cape-cod-hospital-pay-243-million-resolve-false-claims-act-allegations-concerning-its,2024-05-16,True
"Charges and Seizures Brought in Fraud Scheme, Aimed at Denying Revenue for Workers Associated with North Korea","The Justice Department unsealed charges, seizures, and other court-authorized actions to disrupt the illicit revenue generation efforts of the Democratic People’s Republic of Korea (DPRK or North Korea).",https://www.justice.gov//opa/pr/charges-and-seizures-brought-fraud-scheme-aimed-denying-revenue-workers-associated-north,2024-05-16,True
"Justice Department Announces Arrest, Premises Search, and Seizures of Multiple Website Domains to Disrupt Illicit Revenue Generation Efforts of Democratic People’s Republic of Korea",The Justice Department today announced a series of coordinated and court-authorized actions to disrupt the illicit revenue generation efforts of Democratic People’s Republic of Korea (DPRK) information technology (IT) workers.,https://www.justice.gov//opa/pr/justice-department-announces-arrest-premises-search-and-seizures-multiple-website-domains,2024-05-16,False
"Justice Department Secures Agreement with Shelby County, Tennessee, District Attorney General to Cease Enforcement of State Law that Discriminates Against People with HIV","The Justice Department announced today that the Shelby County, Tennessee, District Attorney General (DA) has agreed to cease prosecution of individuals living with human immunodeficiency virus (HIV) under Tennessee’s aggravated prostitution law. The DA will also adopt reforms to correct discrimination against people living with HIV who were subjected to discriminatory and harsher penalties under the law.",https://www.justice.gov//opa/pr/justice-department-secures-agreement-shelby-county-tennessee-district-attorney-general-cease,2024-05-16,False
Departments of Homeland Security and Justice to Announce “Recent Arrivals” Docket Process for More Efficient Immigration Hearings,"Secretary of Homeland Security Alejandro N. Mayorkas and Attorney General Merrick B. Garland today announced a new Recent Arrivals (RA) Docket process to more expeditiously resolve immigration cases of certain noncitizen single adults who attempt to cross irregularly between ports of entry at the Southwest border. This effort will allow Department of Homeland Security (DHS) and Justice Department to more swiftly impose consequences, including removal, on those without a legal basis to remain in the United States and to more swiftly grant immigration relief or protections to noncitizens with",https://www.justice.gov//opa/pr/departments-homeland-security-and-justice-announce-recent-arrivals-docket-process-more,2024-05-16,False
"Seven Sinaloa Cartel Members and Associates Sentenced to Prison for Trafficking Fentanyl, Methamphetamine, and Cocaine","Seven members and associates of the Sinaloa Cartel have been sentenced to prison for their role in a drug trafficking conspiracy involving fentanyl, methamphetamine, and cocaine. The defendants previously pleaded guilty in this matter.",https://www.justice.gov//opa/pr/seven-sinaloa-cartel-members-and-associates-sentenced-prison-trafficking-fentanyl,2024-05-16,False
Justice Department Secures Agreement with National Home Healthcare Company to Resolve Immigration-Related Discrimination Claims,"The Justice Department announced today that it secured a settlement agreement with Maxim Healthcare Services (Maxim), a home healthcare company based in Columbia, Maryland, with operations in 35 states. The agreement resolves the department’s determination that Maxim violated the Immigration and Nationality Act (INA) at its Gardena, California, office by discriminating against a non-U.S. citizen worker when it rejected her valid document showing her permission to work and requiring lawful permanent residents working for the company to prove their continued permission to work even though it was",https://www.justice.gov//opa/pr/justice-department-secures-agreement-national-home-healthcare-company-resolve-immigration,2024-05-15,True
Two Brothers Arrested for Attacking Ethereum Blockchain and Stealing $25M in Cryptocurrency,"An indictment was unsealed today charging Anton Peraire-Bueno, 24, of Boston, and James Pepaire-Bueno, 28, of New York, with conspiracy to commit wire fraud, wire fraud, and conspiracy to commit money laundering. The charges in the indictment arise from an alleged novel scheme by the defendants to exploit the very integrity of the Ethereum blockchain to fraudulently obtain approximately $25 million worth of cryptocurrency within approximately 12 seconds. Anton Peraire-Bueno and James Peraire-Bueno were arrested yesterday in Boston and New York, respectively, and will be presented this",https://www.justice.gov//opa/pr/two-brothers-arrested-attacking-ethereum-blockchain-and-stealing-25m-cryptocurrency,2024-05-15,True
Justice Department Announces Civil Rights Investigation into Conditions at Kentucky Youth Detention Centers,The Justice Department announced today that it has opened a statewide investigation into the conditions at eight youth detention centers and one youth development center run by the Kentucky Department of Juvenile Justice.,https://www.justice.gov//opa/pr/justice-department-announces-civil-rights-investigation-conditions-kentucky-youth-detention,2024-05-15,False
Former Mississippi Officer Pleads Guilty to Using Excessive Force,A former Mississippi Bureau of Investigations Officer assigned to the U.S. Marshals’ Gulf Coast Regional Fugitive Task Force pleaded guilty today to using excessive force against a handcuffed arrestee.,https://www.justice.gov//opa/pr/former-mississippi-officer-pleads-guilty-using-excessive-force,2024-05-15,False
Seven Defendants Sentenced for Federal Conspiracy Against Rights and Freedom of Access to Clinic Entrances (FACE) Act Convictions Related to 2020 D.C. Clinic Invasion and Blockade,"Seven defendants were sentenced yesterday and today following their convictions for federal conspiracy against rights and Freedom of Access to Clinic Entrances (FACE) Act offenses following three separate trials in connection with the use of force and physical obstruction to blockade a Washington, D.C., area reproductive health clinic on Oct. 22, 2020.",https://www.justice.gov//opa/pr/seven-defendants-sentenced-federal-conspiracy-against-rights-and-freedom-access-clinic,2024-05-15,False
Justice Department Finds Nebraska Violates Federal Civil Rights Laws by Unnecessarily Institutionalizing People with Serious Mental Illness,"The Justice Department announced today that it found that Nebraska is unnecessarily segregating people with serious mental illness (SMI) in assisted living facilities and day program facilities, in violation of the Americans with Disabilities Act (ADA) and the U.S. Supreme Court’s decision in Olmstead v. L.C. The department found that Nebraska is restricting access to critical community-based services that people with SMI need to live and work in the community.",https://www.justice.gov//opa/pr/justice-department-finds-nebraska-violates-federal-civil-rights-laws-unnecessarily,2024-05-14,False
Maryland Woman Pleads Guilty to Conspiring to Destroy the Baltimore Region Power Grid,"Sarah Beth Clendaniel, 36, of Catonsville, Maryland, pleaded guilty today to conspiring to damage or destroy electrical facilities in Maryland.",https://www.justice.gov//opa/pr/maryland-woman-pleads-guilty-conspiring-destroy-baltimore-region-power-grid,2024-05-14,False
Justice Department Moves to Intervene as Plaintiff-Intervenor in Muscogee (Creek) Nation’s Lawsuit Against Tulsa Alleging the City Has Unlawfully Asserted Criminal Jurisdiction Against Tribal Members,"The Justice Department, on behalf of the Department of the Interior, filed a motion to intervene in the Muscogee (Creek) Nation’s lawsuit against the City of Tulsa, Oklahoma, and its mayor, chief of police and city attorney in the U.S. District Court for the Northern District of Oklahoma. The Justice Department also filed a proposed complaint against Tulsa, alleging that it has unlawfully asserted criminal jurisdiction against tribal members within the Muscogee (Creek) Reservation.",https://www.justice.gov//opa/pr/justice-department-moves-intervene-plaintiff-intervenor-muscogee-creek-nations-lawsuit,2024-05-13,False
Justice Department and City of Albuquerque Seek Partial Termination of Consent Decree for Albuquerque Police Department After Consistent Policing Reform Progress,"The Justice Department and the City of Albuquerque, New Mexico, filed a joint motion today seeking court approval to terminate certain portions of the consent decree covering the Albuquerque Police Department (APD). The joint motion comes on the heels of the independent monitor’s 19th report, also filed today, which concluded that the city and APD have reached full compliance with 96% of the consent decree’s terms, the highest level of compliance APD has achieved to date.",https://www.justice.gov//opa/pr/justice-department-and-city-albuquerque-seek-partial-termination-consent-decree-albuquerque,2024-05-13,False
Kabbage Inc. Agrees to Resolve Allegations That the Company Defrauded the Paycheck Protection Program,"The Justice Department announced today that now-bankrupt financial technology company Kabbage Inc., doing business as KServicing, has agreed to resolve allegations that it violated the False Claims Act (FCA) by knowingly submitting thousands of false claims for loan forgiveness, loan guarantees, and processing fees to the U.S. Small Business Administration (SBA) in connection with its participation in the Paycheck Protection Program (PPP). Kabbage is now winding down its operations as KServicing Wind Down Corp. after filing for Chapter 11 bankruptcy in the District of Delaware in October 2022",https://www.justice.gov//opa/pr/kabbage-inc-agrees-resolve-allegations-company-defrauded-paycheck-protection-program,2024-05-13,True
Sports Equipment Sales Professional Pleads Guilty to Long-Running Bid Rigging Schemes and Conspiracy to Defraud Public Schools,A former sales employee of a manufacturer and distributor of football helmets and other sports equipment pleaded guilty today for his role in three separate conspiracies — two conspiracies to rig bids in violation of the Sherman Act and one conspiracy to commit wire fraud — all related to sports equipment for schools located in Mississippi and elsewhere. At least 100 schools throughout Mississippi and elsewhere were victims of these conspiracies.,https://www.justice.gov//opa/pr/sports-equipment-sales-professional-pleads-guilty-long-running-bid-rigging-schemes-and,2024-05-13,True
Justice Department to Monitor Compliance with Federal Voting Rights Laws in Maryland,"The Justice Department announced today that it will monitor elections on May 14 in Prince George’s County, Maryland, to ensure compliance with federal voting rights laws.",https://www.justice.gov//opa/pr/justice-department-monitor-compliance-federal-voting-rights-laws-maryland,2024-05-13,False
Ohio Man Pleads Guilty to Creating and Distributing Videos Depicting Monkey Torture and Mutilation,A plea agreement was unsealed in which an Ohio man pleaded guilty to creating and distributing videos depicting acts of extreme violence and sexual abuse against monkeys.,https://www.justice.gov//opa/pr/ohio-man-pleads-guilty-creating-and-distributing-videos-depicting-monkey-torture-and,2024-05-13,False
Ohio Man Sentenced for Disabling Emissions Controls on Diesel Trucks,"A Hamilton County, Ohio, man was sentenced to prison for violating the Clean Air Act through an aftermarket scheme to disable the emissions control systems of diesel trucks.",https://www.justice.gov//opa/pr/ohio-man-sentenced-disabling-emissions-controls-diesel-trucks,2024-05-13,True
Dentist Sentenced for Unlawfully Distributing Opioids That Caused Patient’s Death,"A Kentucky dentist was sentenced today to 20 years in prison for his unlawful prescribing of opioids, including morphine that caused the death of one of his patients.",https://www.justice.gov//opa/pr/dentist-sentenced-unlawfully-distributing-opioids-caused-patients-death,2024-05-10,False
Mexico Extradites Cartel’s Precursor Chemical Broker to United States to Face Trial for Controlled Substances Manufacturing and Distribution Conspiracy,"A Mexican national who allegedly supplied the Cártel de Jalisco Nueva Generación (CJNG or Jalisco Cartel) with precursor chemicals used to manufacture controlled substances was extradited today from Mexico to Washington, D.C., to face trial.",https://www.justice.gov//opa/pr/mexico-extradites-cartels-precursor-chemical-broker-united-states-face-trial-controlled,2024-05-10,False
CEO Convicted for $28M Long-Running Investment Fraud Scheme,"A federal jury convicted a Hawaii man yesterday for his role in a more than a decade-long scheme to defraud investors of Semisub Inc. and Semisub LLC (collectively, “Semisub”) of over $28 million.",https://www.justice.gov//opa/pr/ceo-convicted-28m-long-running-investment-fraud-scheme,2024-05-10,True
Doctor Convicted of $6.3M Medicare Fraud Scheme,A federal jury convicted a Michigan doctor today for causing the submission of over $6.3 million in fraudulent claims to Medicare for medically unnecessary orthotic braces ordered through a telemarketing scheme.,https://www.justice.gov//opa/pr/doctor-convicted-63m-medicare-fraud-scheme,2024-05-10,True
"U.S. Law Enforcement Takes Action Against More Than 3,000 Money Mules in Initiative to Disrupt Transnational Fraud Schemes","The Justice Department, FBI, U.S. Postal Inspection Service (USPIS), and other federal law enforcement agencies announced today the completion of the Money Mule Initiative, an annual campaign to identify, disrupt, and criminally prosecute networks of individuals who transmit funds from fraud victims to international fraudsters. Fraudsters rely on money mules to facilitate a range of fraud schemes, including those that predominantly impact older Americans, such as lottery fraud, romance scams and grandparent scams as well as those that target businesses or government pandemic funds.",https://www.justice.gov//opa/pr/us-law-enforcement-takes-action-against-more-3000-money-mules-initiative-disrupt,2024-05-10,True
Former Federal Correctional Officer Indicted for Sexual Acts with an Inmate,An indictment was unsealed today charging a former correctional officer at the Federal Correctional Institution (FCI) Tallahassee with sexual acts with an inmate in federal custody.,https://www.justice.gov//opa/pr/former-federal-correctional-officer-indicted-sexual-acts-inmate,2024-05-09,False
Justice Department Files Lawsuit Against the State of Iowa Regarding Unconstitutional State Immigration Law,"The Justice Department today filed suit against the State of Iowa to challenge Senate File 2340 (SF 2340) under the U.S. Constitution’s Supremacy Clause and Foreign Commerce Clause. The Constitution assigns the federal government to regulate immigration and manage our international borders. Pursuant to this authority, Congress has established a comprehensive immigration framework governing the entry of noncitizens into the U.S. and the removal of noncitizens from the country. Because SF 2340 is preempted by federal law and violates the United States Constitution, the Justice Department seeks a",https://www.justice.gov//opa/pr/justice-department-files-lawsuit-against-state-iowa-regarding-unconstitutional-state,2024-05-09,False
Man Who Carried Out Machete Attack on NYPD Officers in Times Square on New Year’s Eve 2022 Sentenced to 27 Years in Prison,"Trevor Bickford, 20, of Wells, Maine, was sentenced to 324 months in prison for attempting to kill officers and employees of the U.S. Government and persons assisting them during his brazen attack using a machete-style knife against three New York City Police Department (NYPD) officers in Times Square on Dec. 31, 2022.",https://www.justice.gov//opa/pr/man-who-carried-out-machete-attack-nypd-officers-times-square-new-years-eve-2022-sentenced,2024-05-09,False
Justice Department Secures Agreement with Climate Nonprofit to Resolve Claims of Employment Discrimination,"The Justice Department announced today that it secured a settlement agreement with Second Nature, a non-profit organization based in Massachusetts. The agreement resolves the department’s determination that Second Nature violated the Immigration and Nationality Act (INA) by posting discriminatory job advertisements that deterred non-U.S. citizens from applying for open positions.",https://www.justice.gov//opa/pr/justice-department-secures-agreement-climate-nonprofit-resolve-claims-employment,2024-05-09,False
Readout of Deputy Attorney General Lisa Monaco’s Trip to California and Participation in the 2024 RSA Cybersecurity Conference,"Deputy Attorney General (AG) Lisa Monaco traveled to San Francisco this week to participate in the 2024 RSA Cybersecurity Conference and underscore the Justice Department’s efforts to combat cybercrime and other persistent and emerging threats to national security, including the abuse of disruptive technologies, particularly AI.",https://www.justice.gov//opa/pr/readout-deputy-attorney-general-lisa-monacos-trip-california-and-participation-2024-rsa,2024-05-09,False
"Justice Department Secures Agreement with Cobb County, Georgia, to Resolve Allegations of Race Discrimination in Firefighter Hiring Process","The Justice Department has secured an agreement with Cobb County, Georgia, resolving the United States’ claim that the County violated Title VII of the Civil Rights Act (Title VII) by using credit checks and a written exam that discriminated against African American firefighter candidates based on race. Cobb County has stopped using the challenged hiring practices and will pay $750,000 in back pay to applicants disqualified by those practices. The County will also hire up to 16 of those applicants with retroactive seniority.",https://www.justice.gov//opa/pr/justice-department-secures-agreement-cobb-county-georgia-resolve-allegations-race,2024-05-09,False
Assistant Attorney General Jonathan Kanter Announces Task Force on Health Care Monopolies and Collusion,"The Justice Department today announced the formation of the Antitrust Division’s Task Force on Health Care Monopolies and Collusion (HCMC). The HCMC will guide the division’s enforcement strategy and policy approach in health care, including by facilitating policy advocacy, investigations and, where warranted, civil and criminal enforcement in health care markets.",https://www.justice.gov//opa/pr/assistant-attorney-general-jonathan-kanter-announces-task-force-health-care-monopolies-and,2024-05-09,True
Seven Members and Associates of Large-Scale Gas Pump Skimming Device Organization Charged with Racketeering and Money Laundering Conspiracies,An indictment was unsealed today in the Eastern District of Virginia charging seven men with racketeer influenced and corrupt organizations (RICO) conspiracy and money laundering conspiracy in connection with their alleged participation in a large-scale gas pump skimming device organization.,https://www.justice.gov//opa/pr/seven-members-and-associates-large-scale-gas-pump-skimming-device-organization-charged,2024-05-08,True
Justice Department Secures Relief from Hyundai Capital America to Compensate Servicemembers Whose Federal Civil Rights Were Violated,"The Justice Department announced today that Hyundai Capital America has agreed to pay $333,941 to resolve allegations that it violated the Servicemembers Civil Relief Act (SCRA) by illegally repossessing 26 vehicles owned by servicemembers.",https://www.justice.gov//opa/pr/justice-department-secures-relief-hyundai-capital-america-compensate-servicemembers-whose,2024-05-08,False
"Defense Contractor Pleads Guilty to Fraud, Money Laundering and Unlawful Export of Military Data","Yuksel Senbol, 36, of Orlando, pleaded guilty to 25 felony counts in Florida federal court, including conspiracy to defraud the United States, conspiracy to commit wire fraud, eight counts of wire fraud, conspiracy to commit money laundering, seven counts of money laundering, conspiracy to violate the Export Control Reform Act (ECRA), four counts of violating the ECRA, and one count of violating the Arms Export Control Act.",https://www.justice.gov//opa/pr/defense-contractor-pleads-guilty-fraud-money-laundering-and-unlawful-export-military-data,2024-05-08,True
"Executive Pleads Guilty to Conspiring to Monopolize, Rig Bids and Allocate Territories for Wildfire Services","The former owner of contractor companies that provided fuel truck services to the U.S. Forest Service’s wildfire fighters pleaded guilty today to conspiring to monopolize, rigging bids and allocating territories in violation of Sections 1 and 2 of the Sherman Antitrust Act. The plea follows a judicially authorized wiretap investigation that led to the indictment of two executives in December 2023.",https://www.justice.gov//opa/pr/executive-pleads-guilty-conspiring-monopolize-rig-bids-and-allocate-territories-wildfire,2024-05-08,True
"Former Memphis Police Officer Charged with Federal Civil Rights, Kidnapping and Weapons Offenses Related to Fatal Shooting","A federal grand jury in Memphis, Tennessee, returned an eight-count indictment today charging former Memphis Police Officer Patric J. Ferguson with federal civil rights, kidnapping and weapons offenses in connection with the fatal shooting of a victim identified as R.H. The indictment also charges Ferguson and a civilian, Joshua M. Rogers, with federal offenses for conspiring to cover up the fatal shooting and destroying evidence of the crimes. The indictment further charges Rogers with accessory after the fact for helping Ferguson cover up his crimes.",https://www.justice.gov//opa/pr/former-memphis-police-officer-charged-federal-civil-rights-kidnapping-and-weapons-offenses,2024-05-08,False
Man Convicted in Cold Case Murder on Military Base in Germany,"A federal jury in Pensacola, Florida, convicted a former U.S. Army soldier yesterday for the murder of a pregnant, 19-year-old fellow soldier on a U.S. Army base in Germany more than 22 years ago.",https://www.justice.gov//opa/pr/man-convicted-cold-case-murder-military-base-germany,2024-05-07,False
Justice Department and Department of Health and Human Services Highlight Progress by State of Alabama to Implement Environmental Justice Reforms in Lowndes County,"The Justice Department and Department of Health and Human Services (HHS) announced today progress by the Alabama Department of Public Health (ADPH) in providing access to basic sanitation services, abating exposure to raw sewage from inadequate onsite wastewater systems and improving health outcomes for the predominantly Black communities of Lowndes County, Alabama.",https://www.justice.gov//opa/pr/justice-department-and-department-health-and-human-services-highlight-progress-state-alabama,2024-05-07,False
U.S. Charges Russian National with Developing and Operating LockBit Ransomware,"The U.S. Justice Department unsealed charges today against a Russian national for his alleged role as the creator, developer, and administrator of the LockBit ransomware group from its inception in September 2019 through the present. At times, LockBit was the most prolific ransomware group in the world.",https://www.justice.gov//opa/pr/us-charges-russian-national-developing-and-operating-lockbit-ransomware,2024-05-07,False
False Claims Act Complaint Filed Against International Student Recruiting Firm for Federal Student Aid Programs Submissions,"The Justice Department announced today that it has filed a complaint under the False Claims Act (FCA) against Study Across the Pond LLC (SATP) and its principal, John Borhaug. SATP, which is organized under the laws of Massachusetts, recruits American students to attend foreign schools in the U.K., as well as other countries. The complaint, filed in the District of Massachusetts, alleges that SATP and Borhaug knowingly caused UK schools to submit false claims to the Department of Education for federal student aid by demanding that the foreign schools enter into arrangements that violated the",https://www.justice.gov//opa/pr/false-claims-act-complaint-filed-against-international-student-recruiting-firm-federal,2024-05-07,False
Oil Tanker Engineers Plead Guilty to Charges of Concealing Vessel Pollution; Chief Engineer Also Pleads Guilty to Discharging Oily Waste Off Coast of New Jersey,"Two ship engineers on the oil tanker M/T Kriti Ruby pleaded guilty to charges related to the concealment of pollution by falsifying records, with the chief engineer also pleading guilty to charges related to the discharge of oily waste into the sea from a commercial vessel near a petroleum terminal in Sewaren, New Jersey.",https://www.justice.gov//opa/pr/oil-tanker-engineers-plead-guilty-charges-concealing-vessel-pollution-chief-engineer-also,2024-05-07,True
Virginia Man Sentenced to More than Six Years in Prison for Tax Scheme,"A Virginia businessman was sentenced to 78 months in prison for evading the payment of employment taxes, filing false tax returns and obstructing the IRS.",https://www.justice.gov//opa/pr/virginia-man-sentenced-more-six-years-prison-tax-scheme,2024-05-07,True
Minnesota Man Sentenced to Over Eight Years in Prison for Tax Fraud Scheme,A Minnesota man was sentenced to 108 months in prison for wire fraud and assisting in the preparation of false tax returns.,https://www.justice.gov//opa/pr/minnesota-man-sentenced-over-eight-years-prison-tax-fraud-scheme,2024-05-07,True
Former Tennessee Corrections Officer Sentenced for Using Excessive Force Against Inmate and Writing False Report to Cover It Up,"A former Tennessee Department of Corrections (TDOC) tactical officer, Javian Griffin, 38, was sentenced today to 48 months in prison and three years of supervised release for using excessive force against an inmate and writing a false report to cover it up.",https://www.justice.gov//opa/pr/former-tennessee-corrections-officer-sentenced-using-excessive-force-against-inmate-and,2024-05-06,False
Court Permanently Bars Missouri CPA from Promoting Charitable Remainder Annuity Trust Tax Scheme,"The U.S. District Court for the Western District of Missouri permanently barred Aric Elliot Schreiner and his company, Columbia CPA Group LLC, from organizing, promoting, selling or marketing tax schemes involving the use of charitable remainder annuity trusts (CRATs).",https://www.justice.gov//opa/pr/court-permanently-bars-missouri-cpa-promoting-charitable-remainder-annuity-trust-tax-scheme,2024-05-06,True
Florida Hospital System Agrees to Pay $1.5 Million to Resolve Liability Relating to Self-Disclosure of Improper Discounts,"Baptist Health System Inc. (Baptist Health), located in Florida, has agreed to pay $1.5 million to resolve allegations that it violated the False Claims Act by knowingly causing its subsidiaries to offer discounts to patients to induce them to purchase or refer Baptist Health services reimbursed by federal health care programs. In connection with the settlement, the United States acknowledged that Baptist Health took significant steps entitling it to credit for cooperating with the government’s investigation.",https://www.justice.gov//opa/pr/florida-hospital-system-agrees-pay-15-million-resolve-liability-relating-self-disclosure,2024-05-06,True
Justice Department Celebrates Two-Year Anniversary of Comprehensive Environmental Justice Enforcement Strategy and Office of Environmental Justice,The Justice Department marked the second anniversary of its Comprehensive Environmental Justice Enforcement Strategy (CEJES) and Office of Environmental Justice (OEJ). The Justice Department will be incorporating those efforts into developing an Environmental Justice Strategic Plan.,https://www.justice.gov//opa/pr/justice-department-celebrates-two-year-anniversary-comprehensive-environmental-justice,2024-05-06,False
Five Federal Departments Join Justice Department in Reaffirming Shared Commitment to Uphold Civil Rights Laws and Advance Environmental Justice,The Justice Department’s Civil Rights Division and officials from the Department of Health and Human Services’ (HHS) Office for Civil Rights; Department of Transportation’s (DOT) Departmental Office of Civil Rights; Environmental Protection Agency’s (EPA) Office of External Civil Rights Compliance; Department of Homeland Security’s (DHS) Office for Civil Rights and Civil Liberties; and Department of Housing and Urban Development’s (HUD) Office of Fair Housing and Equal Opportunity jointly reaffirmed today their shared commitment to uphold civil rights laws and advance environmental justice in,https://www.justice.gov//opa/pr/five-federal-departments-join-justice-department-reaffirming-shared-commitment-uphold-civil,2024-05-06,False
Readout of Annual Principals Meeting of the Five Eyes Law Enforcement Group,"Attorney General Merrick B. Garland attended the Five Eyes Law Enforcement Group (FELEG) Annual Principals Meeting this week, where international and national partners met to discuss technology, innovation and encryption, and the emergent impacts on global safety.",https://www.justice.gov//opa/pr/readout-annual-principals-meeting-five-eyes-law-enforcement-group,2024-05-03,False
"Justice Department Seeks to Shut Down Miami-Dade County, Florida, Tax Return Preparer","The Justice Department’s Tax Division filed a civil injunction suit to permanently bar Dieuseul Jean-Louis, both individually and doing business as DJL Multiservices, from preparing federal tax returns for others. The United States also seeks an order requiring Jean-Louis disgorge to the United States his ill-gotten preparation fees.",https://www.justice.gov//opa/pr/justice-department-seeks-shut-down-miami-dade-county-florida-tax-return-preparer,2024-05-03,False
Opioid Manufacturer Endo Health Solutions Inc. Ordered to Pay $1.536B In Criminal Fines and Forfeiture for Distributing Misbranded Opioid Medication,"Endo Health Solutions Inc. (EHSI) was ordered today to pay $1.086 billion in criminal fines and an additional $450 million in criminal forfeiture — the second-largest set of criminal financial penalties ever levied against a pharmaceutical company —for violations of the Federal Food, Drug and Cosmetic Act related to the distribution of the opioid medication Opana ER with INTAC (Opana ER).",https://www.justice.gov//opa/pr/opioid-manufacturer-endo-health-solutions-inc-ordered-pay-1536b-criminal-fines-and,2024-05-03,True
"Justice Department Strengthens Efforts, Builds Partnerships to Address the Crisis of Missing or Murdered Indigenous Persons","The Justice Department joins its partners across the federal government, as well as people throughout American Indian and Alaska Native communities, in recognizing May 5 as National Missing or Murdered Indigenous Persons (MMIP) Awareness Day.",https://www.justice.gov//opa/pr/justice-department-strengthens-efforts-builds-partnerships-address-crisis-missing-or,2024-05-03,False
Justice Department Sues Texas Department of Criminal Justice for Religious Discrimination,"The Justice Department filed a lawsuit today against the Texas Department of Criminal Justice (TDCJ) for denying an employee’s religious accommodation request to wear a head covering as an expression of her Ifa faith. The lawsuit, filed in the U.S. District Court for the Southern District of Texas, alleges that TDCJ’s refusal to accommodate the employee’s religious practice violated Title VII of the Civil Rights Act of 1964 (Title VII).",https://www.justice.gov//opa/pr/justice-department-sues-texas-department-criminal-justice-religious-discrimination,2024-05-03,False
West Virginia Ambulance Services Business Owner Convicted of Tax Crimes,"A federal jury in Beckley, West Virginia, convicted a man for failing to pay the taxes withheld from employees’ wages at an ambulance service he operated and for obstructing the IRS.",https://www.justice.gov//opa/pr/west-virginia-ambulance-services-business-owner-convicted-tax-crimes,2024-05-03,True
BTC-e Operator Pleads Guilty to Money Laundering Conspiracy,A Russian national pleaded guilty today to conspiracy to commit money laundering related to his role in operating the cryptocurrency exchange BTC-e from 2011 to 2017.,https://www.justice.gov//opa/pr/btc-e-operator-pleads-guilty-money-laundering-conspiracy,2024-05-03,True
U.S. Congressman Henry Cuellar Charged with Bribery and Acting as a Foreign Agent,"An indictment was unsealed today in the Southern District of Texas charging U.S. Congressman Enrique Roberto “Henry” Cuellar, 68, and his wife, Imelda Cuellar, 67, both of Laredo, Texas, with participating in two schemes involving bribery, unlawful foreign influence, and money laundering. Congressman Cuellar and Imelda Cuellar are made their initial court appearance today before U.S. Magistrate Judge Dena Palermo in Houston.",https://www.justice.gov//opa/pr/us-congressman-henry-cuellar-and-his-wife-charged-bribery-unlawful-foreign-influence-and,2024-05-03,True
North Carolina Man Sentenced for Racially Motivated Hate Crimes Against Black and Hispanic Men,A North Carolina man was sentenced yesterday to 41 months in prison and three years of supervised release for committing hate crimes against a Black man and a Hispanic man.,https://www.justice.gov//opa/pr/north-carolina-man-sentenced-racially-motivated-hate-crimes-against-black-and-hispanic-men,2024-05-02,False
Leader of Massive Scheme to Traffic in Fraudulent and Counterfeit Cisco Networking Equipment Sentenced to Prison,A Florida resident and dual citizen of the United States and Turkey was sentenced yesterday to six years and six months in prison for running an enormous operation over many years to traffic in fraudulent and counterfeit Cisco networking equipment.,https://www.justice.gov//opa/pr/leader-massive-scheme-traffic-fraudulent-and-counterfeit-cisco-networking-equipment,2024-05-02,True
Sixty-Two Members of Violent Gang Charged with Drug Trafficking and Firearms Violations in Puerto Rico,"On April 24, a federal grand jury in the District of Puerto Rico returned an indictment charging 62 violent gang members from Arecibo, Puerto Rico, with conspiracy to possess with intent to distribute, possession and distribution of controlled substances, and firearms violations.",https://www.justice.gov//opa/pr/sixty-two-members-violent-gang-charged-drug-trafficking-and-firearms-violations-puerto-rico,2024-05-02,False
Man Pleads Guilty to Defrauding COVID-19 Relief Programs and Commercial Equipment Lenders,"A Maryland man pleaded guilty today to conspiring to defraud Coronavirus Aid, Relief, and Economic Security (CARES) Act loan programs and to his role in a years-long scheme to defraud commercial equipment financing companies.",https://www.justice.gov//opa/pr/man-pleads-guilty-defrauding-covid-19-relief-programs-and-commercial-equipment-lenders,2024-05-02,True
Pain Management Physician Sentenced for Unlawfully Distributing Opioids,An Ohio physician was sentenced today to seven years in prison for unlawfully distributing opioids from his clinic.,https://www.justice.gov//opa/pr/pain-management-physician-sentenced-unlawfully-distributing-opioids,2024-05-02,True
Hahn Air Lines Agrees to Pay $26.8M to Resolve False Claims Act Liability for Its Alleged Failure to Pay Travel Fees Collected from Passengers,"Hahn Air Lines GmbH, a privately owned company based in Germany, and its Minneapolis-based subsidiary Hahn Air USA Inc. (collectively Hahn Air) have agreed to pay $26.8 million to resolve allegations that Hahn Air violated the False Claims Act by knowingly failing to remit to the United States certain travel fees that Hahn Air collected from commercial airline passengers flying into or within the United States.",https://www.justice.gov//opa/pr/hahn-air-lines-agrees-pay-268m-resolve-false-claims-act-liability-its-alleged-failure-pay,2024-05-02,True
Sixth Nigerian National Pleads Guilty to International Fraud Scheme  that Defrauded Elderly U.S. Victims,A sixth Nigerian national pleaded guilty to operating a transnational inheritance fraud scheme that defrauded elderly and vulnerable consumers across the United States.,https://www.justice.gov//opa/pr/sixth-nigerian-national-pleads-guilty-international-fraud-scheme-defrauded-elderly-us,2024-05-02,True
Ohio Man Pleads Guilty to Operating an Illegal Gambling Business and Tax Fraud,"An Ohio man pleaded guilty to tax evasion, operating an illegal gambling business and two counts of money laundering associated with his ownership and operation of illegal gambling businesses in Northeast Ohio.",https://www.justice.gov//opa/pr/ohio-man-pleads-guilty-operating-illegal-gambling-business-and-tax-fraud,2024-05-02,True
South Carolina Man Sentenced for Obstructing Justice in the Murder of a Black Transgender Woman,A South Carolina man was sentenced today for obstructing an investigation into the December 2019 murder of a transgender woman.,https://www.justice.gov//opa/pr/south-carolina-man-sentenced-obstructing-justice-murder-black-transgender-woman,2024-05-02,False
Recidivist Sex Offender Sentenced for Possessing Deepfake Child Sexual Abuse Material,A Pennsylvania man was sentenced yesterday to 14 years and seven months in prison for possessing deepfake child sexual abuse material (CSAM) depicting numerous child celebrities.,https://www.justice.gov//opa/pr/recidivist-sex-offender-sentenced-possessing-deepfake-child-sexual-abuse-material,2024-05-01,False
California Man Sentenced for Sex Trafficking and Related Offenses for Forcing Victim to Engage in Commercial Sex Across the Country,"A California man was sentenced yesterday for sex trafficking, conspiracy to commit sex trafficking and interstate transportation for purposes of prostitution.",https://www.justice.gov//opa/pr/california-man-sentenced-sex-trafficking-and-related-offenses-forcing-victim-engage,2024-05-01,True
Recidivist Sex Offender Sentenced for Possessing Deepfake Child Sexual Abuse Material,A Pennsylvania man was sentenced yesterday to 14 years and seven months in prison for possessing deepfake child sexual abuse material (CSAM) depicting numerous child celebrities.,https://www.justice.gov//opa/pr/recidivist-sex-offender-sentenced-possessing-deepfake-child-sexual-abuse-material,2024-05-01,False
Extradited Nigerian National Convicted of Business Email Compromise Scheme,"A federal jury in New Haven, Connecticut, convicted a Nigerian national today for operating a business email compromise scheme out of multiple countries, including the United States.",https://www.justice.gov//opa/pr/extradited-nigerian-national-convicted-business-email-compromise-scheme,2024-05-01,True
United States Files Forfeiture Action Against $1.55 Million Aircraft Landing Gear,The Justice Department today filed a forfeiture complaint against a set of aircraft landing gear for a Boeing 737-800 that was detained in September 2023 at Miami International Airport by U.S. Customs and Border Patrol.,https://www.justice.gov//opa/pr/united-states-files-forfeiture-action-against-155-million-aircraft-landing-gear,2024-05-01,False
Justice Department Files Statement of Interest Supporting Private Citizens’ Right to Sue Under Voting Rights Act of 1965,The Justice Department today announced that it has filed a statement of interest in the U.S. District Court for the Middle District of Pennsylvania supporting the right of private plaintiffs to bring a lawsuit to enforce Section 2 of the Voting Rights Act. This filing is one of many recent briefs by the Justice Department supporting the longstanding principle that private plaintiffs are authorized to bring lawsuits to vindicate important rights protected by the Voting Rights Act.,https://www.justice.gov//opa/pr/justice-department-files-statement-interest-supporting-private-citizens-right-sue-under,2024-05-01,False
Sodinokibi/REvil Affiliate Sentenced for Role in $700M Ransomware Scheme,"A Ukrainian national was sentenced today to 13 years and seven months in prison and ordered to pay over $16 million in restitution for his role in conducting over 2,500 ransomware attacks and demanding over $700 million in ransom payments.",https://www.justice.gov//opa/pr/sodinokibirevil-affiliate-sentenced-role-700m-ransomware-scheme,2024-05-01,True
Staffing Company to Pay $2.7M for Alleged Failure to Provide Adequate Cybersecurity for COVID-19 Contact Tracing Data,"Insight Global LLC, headquartered in Atlanta has agreed to pay $2.7 million to resolve allegations that it violated the False Claims Act by failing to implement adequate cybersecurity measures to protect health information obtained during COVID-19 contact tracing.",https://www.justice.gov//opa/pr/staffing-company-pay-27m-alleged-failure-provide-adequate-cybersecurity-covid-19-contact,2024-05-01,True
Readout of Justice Department’s Civil Rights Division’s Meeting with Jewish Community Stakeholders,"Marking the first day of Jewish American Heritage Month, the Justice Department convened an interagency meeting with Jewish community stakeholders. Attorney General Merrick B. Garland spoke with those at the meeting and underscored the Department’s commitment to addressing antisemitic hate crimes. Assistant Attorney General Kristen Clarke of the Justice Department’s Civil Rights Division outlined the enforcement efforts across the Department and highlighted actions to prevent and combat hate crimes.",https://www.justice.gov//opa/pr/readout-justice-departments-civil-rights-divisions-meeting-jewish-community-stakeholders,2024-05-01,False
Elara Caring Agrees to Pay $4.2 Million to Settle False Claims Act Allegations That It Billed Medicare for Ineligible Hospice Patients,"Elara Caring, and its wholly owned subsidiaries JHH/CIMA Holdings Inc., CIMA Healthcare Management Inc., CIMA Hospice of Texarkana L.L.C., CIMA Hospice of East Texas L.L.C. and CIMA Hospice of El Paso L.P., have agreed to pay $4.2 million to resolve allegations that they violated the False Claims Act by knowingly submitting false claims and knowingly retaining overpayments for the care of hospice patients in Texas who were ineligible for the Medicare hospice benefit because they were not terminally ill.",https://www.justice.gov//opa/pr/elara-caring-agrees-pay-42-million-settle-false-claims-act-allegations-it-billed-medicare,2024-05-01,False
Scheme to Transfer Money to Iran Results in Guilty Pleas,"Muzzamil Zaidi, 40, and Asim Mujtaba Naqvi, 40, both of Houston, Texas, pleaded guilty today for their roles in an illicit scheme to transfer tens of thousands of dollars from the United States to Iran, including for the benefit of Ayatollah Ali Husseini Khamenei, the Supreme Leader of the Islamic Republic of Iran.",https://www.justice.gov//opa/pr/scheme-transfer-money-iran-results-guilty-pleas,2024-05-01,True
